-- MySQL dump 10.13  Distrib 5.7.11, for Win64 (x86_64)
--
-- Host: 127.0.0.1    Database: sdms
-- ------------------------------------------------------
-- Server version	5.7.11-log

/*!40101 SET @OLD_CHARACTER_SET_CLIENT=@@CHARACTER_SET_CLIENT */;
/*!40101 SET @OLD_CHARACTER_SET_RESULTS=@@CHARACTER_SET_RESULTS */;
/*!40101 SET @OLD_COLLATION_CONNECTION=@@COLLATION_CONNECTION */;
/*!40101 SET NAMES utf8 */;
/*!40103 SET @OLD_TIME_ZONE=@@TIME_ZONE */;
/*!40103 SET TIME_ZONE='+00:00' */;
/*!40014 SET @OLD_UNIQUE_CHECKS=@@UNIQUE_CHECKS, UNIQUE_CHECKS=0 */;
/*!40014 SET @OLD_FOREIGN_KEY_CHECKS=@@FOREIGN_KEY_CHECKS, FOREIGN_KEY_CHECKS=0 */;
/*!40101 SET @OLD_SQL_MODE=@@SQL_MODE, SQL_MODE='NO_AUTO_VALUE_ON_ZERO' */;
/*!40111 SET @OLD_SQL_NOTES=@@SQL_NOTES, SQL_NOTES=0 */;

--
-- Table structure for table `admin`
--

DROP TABLE IF EXISTS `admin`;
/*!40101 SET @saved_cs_client     = @@character_set_client */;
/*!40101 SET character_set_client = utf8 */;
CREATE TABLE `admin` (
  `id` int(11) NOT NULL AUTO_INCREMENT,
  `job_num` varchar(20) NOT NULL,
  `name` varchar(200) NOT NULL,
  `password` varchar(255) NOT NULL,
  `phone` varchar(20) NOT NULL,
  `status` int(11) NOT NULL,
  `role` int(11) NOT NULL,
  PRIMARY KEY (`id`)
) ENGINE=InnoDB AUTO_INCREMENT=10 DEFAULT CHARSET=utf8;
/*!40101 SET character_set_client = @saved_cs_client */;

--
-- Dumping data for table `admin`
--

LOCK TABLES `admin` WRITE;
/*!40000 ALTER TABLE `admin` DISABLE KEYS */;
INSERT INTO `admin` VALUES (1,'0003','zheng','7CD86ECB09AA48C6E620B340F6A74592','18813757484',0,0),(2,'0002','zheng','FCD04E26E900E94B9ED6DD604FED2B64','18813757484',0,0),(3,'0001','zheng','A906449D5769FA7361D7ECC6AA3F6D28','18813757482',1,0),(4,'0014','郑辉城','B6FB522815D06FED82B0140BE4C74680','18813757483',0,0),(5,'0015','cheng','0E7E3CF0DED4D9DB8B376B317C007F99','18813757443',0,0),(6,'0018','you','857778A20B9A41D4CA0D687A36E4BFA8','18813757448',0,0),(7,'0019','郑辉城','540BD55A2CF295B8EA9CD78650E89D03','18813757484',0,0),(8,'0020','郑辉城','ECEE596A242DE13B779391CDAA2C528D','18817357484',1,0),(9,'0100','阿三','DB2F40F24260BC41DB48D82D5E7ABF1D','18813757411',1,1);
/*!40000 ALTER TABLE `admin` ENABLE KEYS */;
UNLOCK TABLES;

--
-- Table structure for table `admin_login_log`
--

DROP TABLE IF EXISTS `admin_login_log`;
/*!40101 SET @saved_cs_client     = @@character_set_client */;
/*!40101 SET character_set_client = utf8 */;
CREATE TABLE `admin_login_log` (
  `id` int(11) NOT NULL AUTO_INCREMENT,
  `login_time` datetime NOT NULL,
  `ip` varchar(15) NOT NULL,
  `admin_id` int(11) NOT NULL,
  PRIMARY KEY (`id`)
) ENGINE=InnoDB AUTO_INCREMENT=693 DEFAULT CHARSET=utf8;
/*!40101 SET character_set_client = @saved_cs_client */;

--
-- Dumping data for table `admin_login_log`
--

LOCK TABLES `admin_login_log` WRITE;
/*!40000 ALTER TABLE `admin_login_log` DISABLE KEYS */;
INSERT INTO `admin_login_log` VALUES (12,'2017-01-02 15:09:29','192.168.52.1',3),(13,'2017-01-02 15:10:54','192.168.52.1',3),(14,'2017-01-02 15:31:03','192.168.52.1',3),(15,'2017-01-02 15:36:47','192.168.52.1',3),(16,'2017-01-02 15:40:16','192.168.52.1',3),(17,'2017-01-02 16:00:42','192.168.52.1',3),(18,'2017-01-02 16:04:28','192.168.52.1',3),(19,'2017-01-02 16:08:42','192.168.52.1',3),(20,'2017-01-02 16:11:14','192.168.52.1',3),(21,'2017-01-02 16:12:44','192.168.52.1',3),(22,'2017-01-02 16:17:26','192.168.52.1',3),(23,'2017-01-02 16:19:53','192.168.52.1',3),(24,'2017-01-02 16:45:15','192.168.52.1',3),(25,'2017-01-02 16:48:18','192.168.52.1',3),(26,'2017-01-02 16:52:54','192.168.52.1',3),(27,'2017-01-02 16:53:16','192.168.52.1',3),(28,'2017-01-03 10:26:25','192.168.52.1',3),(29,'2017-01-03 10:29:54','192.168.52.1',3),(30,'2017-01-03 10:55:47','192.168.52.1',3),(31,'2017-01-03 10:57:22','192.168.52.1',3),(32,'2017-01-03 14:56:26','192.168.52.1',3),(33,'2017-01-03 14:58:09','192.168.52.1',3),(34,'2017-01-03 15:12:16','192.168.52.1',3),(35,'2017-01-03 16:08:40','192.168.52.1',3),(36,'2017-01-03 16:50:22','192.168.52.1',3),(37,'2017-01-04 08:36:58','192.168.52.1',3),(38,'2017-01-04 08:41:44','192.168.52.1',3),(39,'2017-01-04 08:44:27','192.168.52.1',3),(40,'2017-01-04 08:52:28','192.168.52.1',3),(41,'2017-01-04 09:04:02','192.168.52.1',3),(42,'2017-01-04 09:05:56','192.168.52.1',3),(43,'2017-01-04 09:14:56','192.168.52.1',3),(44,'2017-01-04 09:36:19','192.168.52.1',3),(45,'2017-01-04 09:37:10','192.168.52.1',3),(46,'2017-01-04 10:08:40','192.168.52.1',3),(47,'2017-01-04 10:10:00','192.168.52.1',3),(48,'2017-01-04 10:16:29','192.168.52.1',3),(49,'2017-01-04 13:56:05','192.168.52.1',3),(50,'2017-01-04 14:09:47','192.168.52.1',3),(51,'2017-01-04 14:19:28','192.168.52.1',3),(52,'2017-01-04 14:21:43','192.168.52.1',3),(53,'2017-01-04 14:23:28','192.168.52.1',3),(54,'2017-01-04 14:57:31','192.168.52.1',3),(55,'2017-01-04 15:10:21','0:0:0:0:0:0:0:1',3),(56,'2017-01-04 15:18:26','192.168.52.1',3),(57,'2017-01-04 15:27:54','192.168.52.1',3),(58,'2017-01-04 15:38:31','192.168.52.1',3),(59,'2017-01-04 15:47:06','192.168.52.1',3),(60,'2017-01-04 16:10:56','192.168.52.1',3),(61,'2017-01-06 11:56:33','192.168.52.1',3),(62,'2017-01-09 11:24:57','192.168.52.1',3),(63,'2017-01-09 14:55:11','192.168.52.1',3),(64,'2017-01-09 14:55:22','192.168.52.1',3),(65,'2017-01-10 11:36:30','192.168.52.1',3),(66,'2017-01-10 11:46:46','192.168.52.1',3),(67,'2017-01-10 11:53:05','192.168.52.1',3),(68,'2017-01-10 11:57:19','192.168.52.1',3),(69,'2017-01-10 12:03:12','192.168.52.1',3),(70,'2017-01-10 12:06:40','192.168.52.1',3),(71,'2017-01-10 13:17:12','192.168.52.1',3),(72,'2017-01-10 13:18:41','192.168.52.1',3),(73,'2017-01-10 13:21:18','192.168.52.1',3),(74,'2017-01-10 13:24:10','192.168.52.1',3),(75,'2017-01-10 13:27:31','192.168.52.1',3),(76,'2017-01-10 13:30:17','192.168.52.1',3),(77,'2017-01-10 13:54:11','192.168.52.1',3),(78,'2017-01-10 16:07:00','192.168.52.1',3),(79,'2017-01-10 16:56:49','192.168.52.1',3),(80,'2017-01-10 16:57:07','192.168.52.1',3),(81,'2017-01-10 20:19:30','192.168.52.1',3),(82,'2017-01-10 20:50:26','192.168.52.1',3),(83,'2017-01-10 21:25:42','192.168.52.1',3),(84,'2017-01-11 10:35:19','192.168.52.1',3),(85,'2017-01-11 12:02:18','192.168.52.1',3),(86,'2017-01-11 12:06:16','192.168.52.1',3),(87,'2017-01-11 13:18:24','192.168.52.1',3),(88,'2017-01-11 16:11:30','192.168.52.1',3),(89,'2017-01-11 16:16:36','192.168.52.1',3),(90,'2017-01-11 16:28:42','192.168.52.1',3),(91,'2017-01-11 18:10:40','192.168.52.1',3),(92,'2017-01-11 18:59:29','192.168.52.1',3),(93,'2017-01-12 11:35:07','192.168.52.1',3),(94,'2017-01-12 15:23:43','192.168.52.1',3),(95,'2017-01-12 15:32:43','192.168.52.1',3),(96,'2017-01-12 15:32:45','192.168.52.1',3),(97,'2017-01-12 16:30:53','192.168.52.1',3),(98,'2017-01-12 16:30:54','192.168.52.1',3),(99,'2017-01-12 16:32:50','192.168.52.1',3),(100,'2017-01-12 21:14:11','192.168.52.1',3),(101,'2017-01-12 23:15:13','192.168.52.1',3),(102,'2017-01-13 10:16:25','192.168.52.1',3),(103,'2017-01-13 12:44:53','192.168.52.1',3),(104,'2017-01-13 14:22:16','192.168.52.1',3),(105,'2017-01-13 15:08:20','192.168.52.1',3),(106,'2017-01-13 22:09:29','192.168.52.1',3),(107,'2017-01-13 22:33:33','192.168.52.1',3),(108,'2017-01-13 23:25:12','192.168.52.1',3),(109,'2017-01-14 14:34:41','192.168.52.1',3),(110,'2017-01-14 14:54:29','192.168.52.1',3),(111,'2017-01-14 15:01:46','192.168.52.1',3),(112,'2017-01-14 15:54:57','192.168.52.1',3),(113,'2017-01-14 15:56:37','192.168.52.1',3),(114,'2017-01-14 18:31:38','192.168.52.1',3),(115,'2017-01-14 18:40:18','192.168.52.1',3),(116,'2017-01-14 20:39:33','192.168.52.1',3),(117,'2017-01-14 20:44:11','192.168.52.1',3),(118,'2017-01-14 21:04:07','192.168.52.1',3),(119,'2017-01-14 21:37:21','192.168.52.1',3),(120,'2017-01-14 23:06:23','192.168.52.1',3),(121,'2017-01-14 23:13:14','192.168.52.1',3),(122,'2017-01-14 23:15:21','192.168.52.1',3),(123,'2017-01-14 23:36:35','192.168.52.1',3),(124,'2017-01-14 23:52:24','192.168.52.1',3),(125,'2017-01-14 23:59:14','192.168.52.1',3),(126,'2017-01-15 10:56:35','192.168.52.1',3),(127,'2017-01-15 11:59:43','192.168.52.1',3),(128,'2017-01-15 15:19:06','192.168.52.1',3),(129,'2017-01-15 16:53:55','192.168.52.1',3),(130,'2017-01-15 18:00:01','192.168.52.1',3),(131,'2017-01-15 20:20:06','192.168.52.1',3),(132,'2017-01-15 20:57:47','192.168.52.1',3),(133,'2017-01-15 21:01:52','192.168.52.1',3),(134,'2017-01-15 21:07:22','192.168.52.1',3),(135,'2017-01-15 23:01:45','192.168.52.1',3),(136,'2017-01-16 10:01:19','192.168.52.1',3),(137,'2017-01-16 10:09:21','192.168.52.1',3),(138,'2017-01-16 10:29:49','192.168.52.1',3),(139,'2017-01-16 10:41:01','192.168.52.1',3),(140,'2017-01-16 10:50:07','192.168.52.1',3),(141,'2017-01-16 14:08:00','192.168.52.1',3),(142,'2017-01-16 15:23:10','192.168.52.1',3),(143,'2017-01-16 15:54:40','192.168.52.1',3),(144,'2017-01-16 18:27:11','192.168.52.1',3),(145,'2017-01-17 14:44:48','192.168.52.1',3),(146,'2017-01-17 18:33:24','192.168.52.1',3),(147,'2017-01-17 20:37:30','192.168.52.1',3),(148,'2017-01-18 08:52:34','192.168.52.1',3),(149,'2017-01-18 09:07:44','192.168.52.1',3),(150,'2017-01-18 10:25:52','192.168.52.1',3),(151,'2017-01-18 11:08:47','192.168.52.1',3),(152,'2017-01-18 12:43:14','192.168.52.1',3),(153,'2017-01-18 13:31:19','192.168.52.1',3),(154,'2017-01-18 13:43:52','192.168.52.1',3),(155,'2017-01-18 22:22:33','192.168.52.1',3),(156,'2017-01-19 10:05:53','192.168.52.1',3),(157,'2017-01-19 10:17:41','192.168.52.1',3),(158,'2017-01-19 10:23:32','192.168.52.1',3),(159,'2017-01-19 11:01:49','192.168.52.1',3),(160,'2017-01-19 12:01:39','192.168.52.1',3),(161,'2017-01-19 14:20:27','192.168.52.1',3),(162,'2017-01-19 14:43:58','192.168.52.1',3),(163,'2017-01-19 14:54:04','192.168.52.1',3),(164,'2017-01-19 14:55:56','192.168.52.1',3),(165,'2017-01-19 15:04:51','192.168.52.1',3),(166,'2017-01-19 16:06:36','192.168.52.1',3),(167,'2017-01-19 17:59:45','192.168.52.1',3),(168,'2017-01-19 22:12:28','192.168.52.1',3),(169,'2017-01-19 22:44:18','192.168.52.1',3),(170,'2017-01-19 23:04:49','192.168.52.1',3),(171,'2017-01-20 09:13:50','192.168.52.1',3),(172,'2017-01-20 10:10:31','192.168.52.1',3),(173,'2017-01-20 10:13:27','192.168.52.1',3),(174,'2017-01-20 11:38:32','192.168.52.1',3),(175,'2017-01-20 14:32:46','192.168.52.1',3),(176,'2017-01-20 14:57:45','192.168.52.1',3),(177,'2017-01-20 14:59:50','192.168.52.1',3),(178,'2017-01-20 15:03:12','192.168.52.1',3),(179,'2017-01-20 15:28:28','192.168.52.1',3),(180,'2017-01-20 15:28:45','192.168.52.1',3),(181,'2017-01-20 15:29:35','192.168.52.1',3),(182,'2017-01-20 15:46:52','192.168.52.1',3),(183,'2017-01-20 16:18:12','192.168.52.1',3),(184,'2017-01-20 17:25:19','192.168.52.1',3),(185,'2017-01-20 18:25:03','192.168.52.1',3),(186,'2017-01-20 18:25:47','192.168.52.1',3),(187,'2017-01-20 20:25:37','192.168.52.1',3),(188,'2017-01-20 21:39:29','192.168.52.1',3),(189,'2017-01-20 21:43:08','192.168.52.1',3),(190,'2017-01-20 21:43:30','192.168.52.1',3),(191,'2017-01-20 21:46:24','192.168.52.1',3),(192,'2017-01-20 21:49:51','192.168.52.1',3),(193,'2017-01-20 21:51:58','192.168.52.1',3),(194,'2017-01-20 22:07:52','192.168.52.1',3),(195,'2017-01-21 10:15:47','192.168.52.1',3),(196,'2017-01-21 11:00:10','192.168.52.1',3),(197,'2017-01-21 11:05:41','192.168.52.1',3),(198,'2017-01-21 11:21:46','192.168.52.1',3),(199,'2017-01-21 11:32:29','192.168.52.1',3),(200,'2017-01-21 14:17:08','192.168.52.1',3),(201,'2017-01-21 16:44:39','192.168.52.1',3),(202,'2017-01-21 16:46:20','192.168.52.1',3),(203,'2017-01-21 19:45:56','192.168.52.1',3),(204,'2017-01-21 22:35:17','192.168.52.1',3),(205,'2017-01-21 22:44:33','192.168.52.1',3),(206,'2017-01-21 22:48:18','192.168.52.1',3),(207,'2017-01-22 09:57:12','192.168.52.1',3),(208,'2017-01-22 12:51:54','192.168.52.1',3),(209,'2017-01-22 13:01:51','192.168.52.1',3),(210,'2017-01-22 13:04:00','192.168.52.1',3),(211,'2017-01-22 14:18:35','192.168.52.1',3),(212,'2017-01-22 14:22:35','192.168.52.1',3),(213,'2017-01-22 14:26:22','192.168.52.1',3),(214,'2017-01-22 14:31:50','192.168.52.1',3),(215,'2017-01-22 14:37:56','192.168.52.1',3),(216,'2017-01-22 15:57:40','192.168.52.1',3),(217,'2017-01-22 16:55:45','192.168.52.1',3),(218,'2017-01-22 16:58:02','192.168.52.1',3),(219,'2017-01-22 21:50:03','192.168.52.1',3),(220,'2017-01-22 22:08:36','192.168.52.1',3),(221,'2017-01-22 22:08:36','192.168.52.1',3),(222,'2017-01-22 22:34:09','192.168.52.1',3),(223,'2017-01-22 23:13:44','192.168.52.1',3),(224,'2017-01-22 23:21:37','192.168.52.1',3),(225,'2017-01-22 23:28:46','192.168.52.1',4),(226,'2017-01-23 20:10:08','192.168.52.1',3),(227,'2017-01-23 20:45:45','192.168.52.1',3),(228,'2017-01-23 20:47:13','192.168.52.1',3),(229,'2017-01-23 20:51:42','192.168.52.1',3),(230,'2017-01-23 21:15:34','192.168.52.1',3),(231,'2017-01-23 21:16:34','192.168.52.1',3),(232,'2017-01-23 21:19:14','192.168.52.1',3),(233,'2017-01-23 21:20:58','192.168.52.1',3),(234,'2017-01-23 21:22:48','192.168.52.1',3),(235,'2017-01-23 21:26:01','192.168.52.1',3),(236,'2017-01-23 21:29:40','192.168.52.1',3),(237,'2017-01-23 21:33:06','192.168.52.1',3),(238,'2017-01-23 21:35:16','192.168.52.1',3),(239,'2017-01-23 21:37:51','192.168.52.1',3),(240,'2017-01-23 21:46:06','192.168.52.1',3),(241,'2017-01-23 21:49:07','192.168.52.1',3),(242,'2017-01-23 21:50:53','192.168.52.1',3),(243,'2017-01-23 21:59:59','192.168.52.1',3),(244,'2017-01-23 22:09:56','192.168.52.1',3),(245,'2017-01-23 22:14:39','192.168.52.1',3),(246,'2017-01-23 23:15:31','192.168.52.1',3),(247,'2017-01-23 23:20:20','192.168.52.1',3),(248,'2017-01-23 23:23:24','192.168.52.1',3),(249,'2017-01-24 09:46:35','192.168.52.1',3),(250,'2017-01-24 10:36:11','192.168.52.1',3),(251,'2017-01-24 10:38:15','192.168.52.1',3),(252,'2017-01-24 11:21:07','192.168.52.1',3),(253,'2017-01-24 11:38:42','192.168.52.1',3),(254,'2017-01-24 11:43:53','192.168.52.1',3),(255,'2017-01-24 13:36:13','192.168.52.1',3),(256,'2017-01-24 18:20:31','192.168.52.1',3),(257,'2017-01-24 21:57:31','192.168.52.1',3),(258,'2017-01-24 22:05:17','192.168.52.1',3),(259,'2017-01-24 22:06:21','192.168.52.1',3),(260,'2017-01-24 23:58:49','192.168.52.1',3),(261,'2017-01-25 08:39:04','192.168.52.1',3),(262,'2017-01-25 09:31:33','192.168.52.1',3),(263,'2017-01-25 10:09:21','192.168.52.1',3),(264,'2017-01-25 10:36:23','192.168.52.1',3),(265,'2017-01-25 10:42:02','192.168.52.1',3),(266,'2017-01-25 10:49:54','192.168.52.1',3),(267,'2017-01-25 10:53:49','192.168.52.1',3),(268,'2017-01-25 12:40:38','192.168.52.1',3),(269,'2017-01-25 20:18:11','192.168.52.1',3),(270,'2017-01-25 20:34:17','192.168.52.1',3),(271,'2017-01-25 20:34:58','192.168.52.1',3),(272,'2017-01-25 20:54:34','192.168.52.1',3),(273,'2017-01-25 20:58:56','192.168.52.1',3),(274,'2017-01-25 21:03:26','192.168.52.1',3),(275,'2017-01-25 21:10:09','192.168.52.1',3),(276,'2017-01-25 21:13:45','192.168.52.1',3),(277,'2017-01-25 21:24:26','192.168.52.1',3),(278,'2017-01-25 21:33:19','192.168.52.1',3),(279,'2017-01-25 21:36:18','192.168.52.1',3),(280,'2017-01-25 21:41:10','192.168.52.1',3),(281,'2017-01-25 21:52:20','192.168.52.1',3),(282,'2017-01-25 21:57:25','192.168.52.1',3),(283,'2017-01-25 22:41:04','192.168.52.1',3),(284,'2017-01-25 22:45:21','192.168.52.1',3),(285,'2017-01-30 09:44:29','192.168.52.1',3),(286,'2017-01-30 15:47:37','192.168.52.1',3),(287,'2017-01-30 15:56:12','192.168.52.1',3),(288,'2017-01-30 16:03:42','192.168.52.1',3),(289,'2017-01-30 16:08:10','192.168.52.1',3),(290,'2017-01-30 16:17:27','192.168.52.1',3),(291,'2017-01-30 16:19:10','192.168.52.1',3),(292,'2017-01-30 16:29:45','192.168.52.1',3),(293,'2017-01-30 16:49:03','192.168.52.1',3),(294,'2017-01-30 17:42:52','192.168.52.1',3),(295,'2017-01-30 17:49:35','192.168.52.1',3),(296,'2017-01-30 17:52:03','192.168.52.1',3),(297,'2017-01-30 18:10:45','192.168.52.1',3),(298,'2017-01-30 20:52:33','192.168.52.1',3),(299,'2017-01-31 10:10:33','192.168.52.1',3),(300,'2017-01-31 10:50:31','192.168.52.1',3),(301,'2017-01-31 10:52:33','192.168.52.1',3),(302,'2017-01-31 11:27:27','192.168.52.1',3),(303,'2017-01-31 11:29:25','192.168.52.1',3),(304,'2017-01-31 14:29:50','192.168.52.1',3),(305,'2017-01-31 15:03:51','192.168.52.1',3),(306,'2017-01-31 15:48:40','192.168.52.1',3),(307,'2017-01-31 15:59:11','192.168.52.1',3),(308,'2017-01-31 17:10:47','192.168.52.1',3),(309,'2017-01-31 21:56:33','192.168.52.1',3),(310,'2017-01-31 21:58:09','192.168.52.1',3),(311,'2017-01-31 22:53:25','192.168.52.1',3),(312,'2017-01-31 23:16:52','192.168.52.1',3),(313,'2017-01-31 23:22:46','192.168.52.1',3),(314,'2017-02-01 09:33:41','192.168.52.1',3),(315,'2017-02-01 09:49:09','192.168.52.1',3),(316,'2017-02-01 09:54:30','192.168.52.1',3),(317,'2017-02-01 09:58:51','192.168.52.1',3),(318,'2017-02-01 11:17:05','192.168.52.1',3),(319,'2017-02-01 11:23:22','192.168.52.1',3),(320,'2017-02-01 11:54:07','192.168.52.1',3),(321,'2017-02-01 14:02:47','192.168.52.1',3),(322,'2017-02-01 14:07:20','192.168.52.1',3),(323,'2017-02-01 14:48:11','192.168.52.1',3),(324,'2017-02-01 14:57:08','192.168.52.1',3),(325,'2017-02-01 15:01:57','192.168.52.1',3),(326,'2017-02-01 16:03:27','192.168.52.1',3),(327,'2017-02-01 16:11:55','192.168.52.1',3),(328,'2017-02-01 16:17:52','192.168.52.1',3),(329,'2017-02-01 16:19:44','192.168.52.1',3),(330,'2017-02-01 16:28:20','192.168.52.1',3),(331,'2017-02-01 16:33:30','192.168.52.1',3),(332,'2017-02-01 20:49:03','192.168.52.1',3),(333,'2017-02-01 20:51:02','192.168.52.1',3),(334,'2017-02-01 21:24:49','192.168.52.1',3),(335,'2017-02-02 09:34:40','192.168.52.1',3),(336,'2017-02-02 11:07:51','192.168.52.1',3),(337,'2017-02-02 13:59:49','192.168.52.1',3),(338,'2017-02-02 14:00:09','192.168.52.1',3),(339,'2017-02-02 14:17:30','192.168.52.1',3),(340,'2017-02-02 15:16:17','192.168.52.1',3),(341,'2017-02-02 15:36:07','192.168.52.1',3),(342,'2017-02-02 15:48:09','192.168.52.1',3),(343,'2017-02-02 15:56:05','192.168.52.1',3),(344,'2017-02-02 16:00:23','192.168.52.1',3),(345,'2017-02-02 16:04:30','192.168.52.1',3),(346,'2017-02-02 16:19:25','192.168.52.1',3),(347,'2017-02-02 22:01:07','192.168.52.1',3),(348,'2017-02-02 22:04:10','192.168.52.1',1),(349,'2017-02-02 23:03:56','192.168.52.1',3),(350,'2017-02-03 09:33:59','192.168.52.1',3),(351,'2017-02-03 09:47:07','192.168.52.1',3),(352,'2017-02-03 09:56:28','192.168.52.1',3),(353,'2017-02-03 10:23:31','192.168.52.1',3),(354,'2017-02-03 10:44:27','192.168.52.1',3),(355,'2017-02-03 20:14:08','192.168.52.1',3),(356,'2017-02-03 20:19:09','192.168.52.1',3),(357,'2017-02-03 20:20:35','192.168.52.1',3),(358,'2017-02-03 20:54:51','192.168.52.1',3),(359,'2017-02-03 21:42:20','192.168.52.1',3),(360,'2017-02-03 22:01:30','192.168.52.1',3),(361,'2017-02-03 22:24:09','192.168.52.1',3),(362,'2017-02-03 22:27:08','192.168.52.1',3),(363,'2017-02-04 13:13:16','192.168.52.1',3),(364,'2017-02-04 13:35:32','192.168.52.1',3),(365,'2017-02-04 14:07:05','192.168.52.1',3),(366,'2017-02-04 14:18:21','192.168.52.1',3),(367,'2017-02-04 14:20:58','192.168.52.1',3),(368,'2017-02-04 14:23:12','192.168.52.1',3),(369,'2017-02-04 14:34:47','192.168.52.1',3),(370,'2017-02-04 14:59:19','192.168.52.1',3),(371,'2017-02-04 15:20:17','192.168.52.1',3),(372,'2017-02-04 15:20:36','192.168.52.1',1),(373,'2017-02-04 15:23:28','192.168.52.1',3),(374,'2017-02-04 15:34:57','192.168.52.1',1),(375,'2017-02-04 15:35:32','192.168.52.1',3),(376,'2017-02-04 15:50:47','192.168.52.1',3),(377,'2017-02-04 16:05:51','192.168.52.1',3),(378,'2017-02-04 16:08:52','192.168.52.1',3),(379,'2017-02-04 16:16:41','192.168.52.1',1),(380,'2017-02-04 16:17:13','192.168.52.1',3),(381,'2017-02-04 16:23:03','192.168.52.1',3),(382,'2017-02-04 16:25:15','192.168.52.1',3),(383,'2017-02-04 16:34:10','192.168.52.1',3),(384,'2017-02-04 16:37:30','192.168.52.1',3),(385,'2017-02-04 16:41:41','192.168.52.1',3),(386,'2017-02-04 17:59:11','192.168.52.1',3),(387,'2017-02-04 20:10:56','192.168.52.1',3),(388,'2017-02-04 20:46:15','192.168.52.1',3),(389,'2017-02-04 20:50:01','192.168.52.1',3),(390,'2017-02-05 10:05:11','192.168.52.1',3),(391,'2017-02-05 10:29:09','192.168.52.1',3),(392,'2017-02-05 10:47:58','192.168.52.1',3),(393,'2017-02-05 11:44:31','192.168.52.1',3),(394,'2017-02-05 11:48:54','192.168.52.1',3),(395,'2017-02-05 11:51:26','192.168.52.1',3),(396,'2017-02-05 13:59:56','192.168.52.1',3),(397,'2017-02-06 09:30:36','192.168.52.1',3),(398,'2017-02-06 09:35:20','192.168.52.1',3),(399,'2017-02-06 10:54:08','192.168.52.1',3),(400,'2017-02-06 10:56:58','192.168.52.1',3),(401,'2017-02-06 10:59:28','192.168.52.1',3),(402,'2017-02-06 11:04:13','192.168.52.1',3),(403,'2017-02-06 11:09:25','192.168.52.1',3),(404,'2017-02-06 11:15:22','192.168.52.1',3),(405,'2017-02-06 13:30:19','192.168.52.1',3),(406,'2017-02-06 13:39:04','192.168.52.1',3),(407,'2017-02-06 15:42:33','192.168.52.1',3),(408,'2017-02-06 16:09:08','192.168.52.1',3),(409,'2017-02-06 16:14:15','192.168.52.1',3),(410,'2017-02-06 16:16:11','192.168.52.1',3),(411,'2017-02-06 16:19:08','192.168.52.1',3),(412,'2017-02-06 16:35:23','192.168.52.1',3),(413,'2017-02-06 17:01:04','192.168.52.1',3),(414,'2017-02-06 17:54:23','192.168.52.1',3),(415,'2017-02-06 20:44:15','192.168.52.1',3),(416,'2017-02-06 20:54:57','192.168.52.1',3),(417,'2017-02-06 21:03:06','192.168.52.1',3),(418,'2017-02-07 14:35:25','192.168.52.1',3),(419,'2017-02-07 15:57:47','192.168.52.1',3),(420,'2017-02-07 16:35:22','192.168.52.1',3),(421,'2017-02-07 16:48:17','192.168.52.1',3),(422,'2017-02-07 16:52:03','192.168.52.1',3),(423,'2017-02-07 16:55:47','192.168.52.1',3),(424,'2017-02-07 17:08:09','192.168.52.1',3),(425,'2017-02-07 17:50:34','192.168.52.1',3),(426,'2017-02-08 13:12:40','192.168.52.1',3),(427,'2017-02-08 15:28:03','192.168.52.1',3),(428,'2017-02-08 15:48:21','192.168.52.1',3),(429,'2017-02-08 16:45:39','192.168.52.1',3),(430,'2017-02-08 17:46:32','192.168.52.1',3),(431,'2017-02-08 19:34:11','192.168.52.1',3),(432,'2017-02-08 20:56:49','192.168.52.1',3),(433,'2017-02-08 21:06:34','192.168.52.1',3),(434,'2017-02-08 21:10:25','192.168.52.1',3),(435,'2017-02-08 21:18:15','192.168.52.1',3),(436,'2017-02-08 21:44:59','192.168.52.1',3),(437,'2017-02-08 22:02:11','192.168.52.1',3),(438,'2017-02-08 22:16:42','192.168.52.1',3),(439,'2017-02-09 13:56:56','192.168.52.1',3),(440,'2017-02-09 14:36:44','192.168.52.1',3),(441,'2017-02-09 17:06:44','192.168.52.1',3),(442,'2017-02-09 17:51:29','192.168.52.1',3),(443,'2017-02-09 21:00:58','192.168.52.1',3),(444,'2017-02-09 21:00:58','192.168.52.1',3),(445,'2017-02-09 21:48:19','192.168.52.1',3),(446,'2017-02-09 22:07:58','192.168.52.1',3),(447,'2017-02-10 09:54:13','192.168.52.1',3),(448,'2017-02-10 09:58:54','192.168.52.1',3),(449,'2017-02-10 15:51:41','192.168.52.1',3),(450,'2017-02-10 16:56:34','192.168.52.1',3),(451,'2017-02-10 17:00:38','192.168.52.1',3),(452,'2017-02-10 17:07:24','192.168.52.1',3),(453,'2017-02-10 17:16:11','192.168.52.1',3),(454,'2017-02-10 17:23:34','192.168.52.1',3),(455,'2017-02-10 17:27:03','192.168.52.1',3),(456,'2017-02-10 17:29:04','192.168.52.1',3),(457,'2017-02-10 18:54:38','192.168.52.1',3),(458,'2017-02-10 21:29:58','192.168.52.1',3),(459,'2017-02-10 22:53:10','192.168.52.1',3),(460,'2017-02-10 22:53:10','192.168.52.1',3),(461,'2017-02-10 23:05:47','192.168.52.1',3),(462,'2017-02-10 23:08:26','192.168.52.1',3),(463,'2017-02-11 10:10:59','192.168.52.1',3),(464,'2017-02-11 11:25:18','192.168.52.1',3),(465,'2017-02-11 15:32:38','192.168.52.1',3),(466,'2017-02-12 13:40:39','192.168.52.1',3),(467,'2017-02-12 14:14:46','192.168.52.1',3),(468,'2017-02-12 17:09:56','192.168.52.1',3),(469,'2017-02-12 18:30:01','192.168.52.1',3),(470,'2017-02-12 20:46:16','192.168.52.1',3),(471,'2017-02-12 21:28:50','192.168.52.1',3),(472,'2017-02-12 21:36:21','192.168.52.1',3),(473,'2017-02-12 21:54:54','192.168.52.1',3),(474,'2017-02-13 16:41:03','192.168.52.1',3),(475,'2017-02-13 18:18:58','192.168.52.1',3),(476,'2017-02-14 18:15:30','192.168.52.1',3),(477,'2017-02-14 18:45:43','192.168.52.1',3),(478,'2017-02-14 20:36:29','192.168.52.1',3),(479,'2017-02-15 09:39:05','192.168.52.1',3),(480,'2017-02-15 10:48:23','192.168.52.1',3),(481,'2017-02-15 10:55:41','192.168.52.1',3),(482,'2017-02-15 12:36:56','192.168.52.1',3),(483,'2017-02-15 13:11:12','192.168.52.1',3),(484,'2017-02-15 13:26:40','192.168.52.1',3),(485,'2017-02-15 13:29:50','192.168.52.1',3),(486,'2017-02-15 13:32:13','192.168.52.1',3),(487,'2017-02-15 14:02:20','192.168.52.1',3),(488,'2017-02-15 14:42:58','192.168.52.1',3),(489,'2017-02-15 15:05:06','192.168.52.1',3),(490,'2017-02-15 16:38:27','192.168.52.1',3),(491,'2017-02-15 16:47:29','192.168.52.1',3),(492,'2017-02-15 21:35:43','192.168.52.1',3),(493,'2017-02-16 10:38:25','192.168.52.1',3),(494,'2017-02-16 12:28:43','192.168.52.1',3),(495,'2017-02-16 13:07:08','192.168.52.1',3),(496,'2017-02-16 13:44:44','192.168.52.1',3),(497,'2017-02-16 16:47:41','192.168.52.1',3),(498,'2017-02-16 17:03:27','192.168.52.1',3),(499,'2017-02-16 18:33:38','192.168.52.1',3),(500,'2017-02-16 19:23:16','192.168.52.1',3),(501,'2017-02-16 20:19:46','192.168.52.1',3),(502,'2017-02-16 22:03:59','192.168.52.1',3),(503,'2017-02-17 09:32:14','192.168.52.1',3),(504,'2017-02-17 10:26:56','192.168.52.1',3),(505,'2017-02-17 15:08:11','192.168.52.1',3),(506,'2017-02-17 15:48:57','192.168.52.1',3),(507,'2017-02-17 15:57:00','192.168.52.1',3),(508,'2017-02-17 16:15:39','192.168.52.1',3),(509,'2017-02-17 17:34:18','192.168.52.1',3),(510,'2017-02-17 18:55:43','192.168.52.1',3),(511,'2017-02-17 21:26:57','192.168.52.1',3),(512,'2017-02-17 22:13:23','192.168.52.1',3),(513,'2017-02-18 10:16:56','192.168.52.1',3),(514,'2017-02-18 12:25:01','192.168.52.1',3),(515,'2017-02-18 13:07:23','192.168.52.1',3),(516,'2017-02-18 15:54:11','192.168.52.1',3),(517,'2017-02-18 16:37:31','192.168.52.1',3),(518,'2017-02-18 19:31:21','192.168.52.1',3),(519,'2017-02-18 21:25:18','192.168.52.1',3),(520,'2017-02-20 08:54:09','192.168.52.1',3),(521,'2017-02-20 09:58:01','192.168.52.1',3),(522,'2017-02-20 12:39:24','192.168.52.1',3),(523,'2017-02-21 10:02:34','192.168.52.1',3),(524,'2017-02-21 10:37:43','192.168.52.1',3),(525,'2017-02-21 10:43:32','192.168.52.1',3),(526,'2017-02-21 10:49:42','192.168.52.1',3),(527,'2017-02-21 12:45:55','192.168.52.1',3),(528,'2017-02-21 12:53:49','192.168.52.1',3),(529,'2017-02-21 12:56:45','192.168.52.1',3),(530,'2017-02-21 13:03:56','192.168.52.1',3),(531,'2017-02-21 13:07:02','192.168.52.1',3),(532,'2017-02-21 13:10:01','192.168.52.1',3),(533,'2017-02-21 20:14:35','192.168.52.1',3),(534,'2017-02-21 21:28:10','192.168.52.1',3),(535,'2017-02-21 21:37:33','192.168.52.1',3),(536,'2017-02-22 09:46:17','192.168.52.1',3),(537,'2017-02-22 09:59:18','192.168.52.1',3),(538,'2017-02-22 10:03:02','192.168.52.1',3),(539,'2017-02-23 12:52:10','192.168.52.1',3),(540,'2017-02-23 13:06:06','192.168.52.1',3),(541,'2017-02-23 13:26:13','192.168.52.1',3),(542,'2017-02-23 13:39:47','192.168.52.1',3),(543,'2017-02-23 16:00:34','192.168.52.1',3),(544,'2017-02-23 16:35:40','192.168.52.1',3),(545,'2017-02-23 16:46:50','192.168.52.1',3),(546,'2017-02-24 10:20:22','192.168.52.1',3),(547,'2017-02-24 14:13:03','192.168.52.1',3),(548,'2017-02-24 14:25:15','192.168.52.1',3),(549,'2017-02-24 15:50:45','192.168.52.1',3),(550,'2017-02-24 16:43:33','192.168.52.1',3),(551,'2017-02-26 14:21:35','192.168.52.1',3),(552,'2017-02-27 09:09:05','192.168.52.1',3),(553,'2017-02-27 10:27:34','192.168.52.1',3),(554,'2017-02-27 10:31:48','192.168.52.1',3),(555,'2017-02-27 10:37:42','192.168.52.1',3),(556,'2017-02-27 11:10:12','192.168.52.1',3),(557,'2017-02-27 13:04:43','192.168.52.1',3),(558,'2017-02-27 13:15:41','192.168.52.1',3),(559,'2017-02-27 13:54:16','192.168.52.1',3),(560,'2017-02-27 14:30:39','192.168.52.1',3),(561,'2017-02-27 14:46:49','192.168.52.1',3),(562,'2017-02-27 14:52:22','192.168.52.1',3),(563,'2017-02-27 15:10:05','192.168.52.1',3),(564,'2017-02-27 15:32:27','192.168.52.1',3),(565,'2017-02-27 16:48:13','192.168.52.1',3),(566,'2017-02-27 16:48:37','192.168.52.1',3),(567,'2017-02-27 17:54:54','192.168.52.1',3),(568,'2017-02-27 18:44:44','192.168.52.1',3),(569,'2017-02-27 18:49:33','192.168.52.1',3),(570,'2017-02-27 18:51:55','192.168.52.1',3),(571,'2017-02-28 09:10:38','192.168.52.1',3),(572,'2017-02-28 09:34:23','192.168.52.1',3),(573,'2017-02-28 09:38:51','192.168.52.1',3),(574,'2017-02-28 09:41:43','192.168.52.1',3),(575,'2017-02-28 09:46:01','192.168.52.1',3),(576,'2017-02-28 10:17:23','192.168.52.1',3),(577,'2017-02-28 10:19:01','192.168.52.1',3),(578,'2017-02-28 10:40:00','192.168.52.1',3),(579,'2017-02-28 14:33:20','192.168.52.1',3),(580,'2017-02-28 15:22:32','192.168.52.1',3),(581,'2017-02-28 15:55:36','192.168.52.1',3),(582,'2017-02-28 16:07:13','192.168.52.1',3),(583,'2017-02-28 16:09:52','192.168.52.1',3),(584,'2017-02-28 16:16:27','192.168.52.1',3),(585,'2017-02-28 16:36:10','192.168.52.1',3),(586,'2017-02-28 16:47:52','192.168.52.1',3),(587,'2017-02-28 18:24:47','192.168.52.1',3),(588,'2017-02-28 18:42:41','192.168.52.1',3),(589,'2017-02-28 19:02:51','192.168.52.1',3),(590,'2017-02-28 19:12:47','192.168.52.1',3),(591,'2017-02-28 19:14:41','192.168.52.1',3),(592,'2017-02-28 19:28:01','192.168.52.1',3),(593,'2017-02-28 19:38:42','192.168.52.1',3),(594,'2017-02-28 19:49:22','192.168.52.1',3),(595,'2017-03-01 09:01:27','192.168.52.1',3),(596,'2017-03-01 09:51:15','192.168.52.1',3),(597,'2017-03-01 10:02:52','192.168.52.1',3),(598,'2017-03-01 10:56:30','192.168.52.1',3),(599,'2017-03-01 12:42:49','192.168.52.1',3),(600,'2017-03-01 13:38:54','192.168.52.1',3),(601,'2017-03-01 14:30:22','192.168.52.1',3),(602,'2017-03-01 18:36:08','192.168.52.1',3),(603,'2017-03-01 19:28:43','192.168.52.1',3),(604,'2017-03-01 19:41:40','192.168.52.1',3),(605,'2017-03-02 09:25:20','192.168.52.1',3),(606,'2017-03-02 09:44:39','192.168.52.1',3),(607,'2017-03-02 10:02:05','192.168.52.1',3),(608,'2017-03-02 13:24:02','192.168.52.1',3),(609,'2017-03-02 13:57:21','192.168.52.1',3),(610,'2017-03-02 14:03:08','192.168.52.1',3),(611,'2017-03-02 14:08:37','192.168.52.1',3),(612,'2017-03-02 15:02:26','192.168.52.1',3),(613,'2017-03-02 15:05:30','192.168.52.1',3),(614,'2017-03-02 16:40:40','192.168.52.1',3),(615,'2017-03-02 16:45:42','192.168.52.1',3),(616,'2017-03-02 16:48:29','192.168.52.1',3),(617,'2017-03-02 16:52:44','192.168.52.1',3),(618,'2017-03-02 17:42:10','192.168.52.1',3),(619,'2017-03-02 17:57:23','192.168.52.1',3),(620,'2017-03-03 09:57:37','192.168.52.1',3),(621,'2017-03-03 10:01:06','192.168.52.1',3),(622,'2017-03-03 10:14:22','192.168.52.1',3),(623,'2017-03-03 10:26:18','192.168.52.1',3),(624,'2017-03-03 10:33:51','192.168.52.1',3),(625,'2017-03-03 10:44:14','192.168.52.1',3),(626,'2017-03-03 10:59:34','192.168.52.1',3),(627,'2017-03-03 13:13:03','192.168.52.1',3),(628,'2017-03-03 16:08:35','192.168.52.1',3),(629,'2017-03-03 16:14:00','192.168.52.1',3),(630,'2017-03-03 16:33:20','192.168.52.1',3),(631,'2017-03-03 16:36:29','192.168.52.1',3),(632,'2017-03-03 18:31:48','192.168.52.1',3),(633,'2017-03-03 18:34:06','192.168.52.1',3),(634,'2017-03-03 18:40:04','192.168.52.1',3),(635,'2017-03-03 19:27:50','192.168.52.1',3),(636,'2017-03-05 10:17:13','192.168.52.1',3),(637,'2017-03-05 10:26:34','192.168.52.1',3),(638,'2017-03-05 10:41:19','192.168.52.1',3),(639,'2017-03-05 13:18:42','192.168.52.1',3),(640,'2017-03-05 14:17:23','192.168.52.1',3),(641,'2017-03-05 15:02:11','192.168.52.1',3),(642,'2017-03-06 08:12:51','192.168.52.1',3),(643,'2017-03-06 09:13:07','192.168.52.1',3),(644,'2017-03-06 09:16:24','192.168.52.1',3),(645,'2017-03-06 09:23:39','192.168.52.1',3),(646,'2017-03-06 09:35:02','192.168.52.1',3),(647,'2017-03-06 10:08:31','192.168.52.1',3),(648,'2017-03-06 10:11:56','192.168.52.1',3),(649,'2017-03-06 10:19:40','192.168.52.1',3),(650,'2017-03-06 12:50:36','192.168.52.1',3),(651,'2017-03-06 13:25:18','192.168.52.1',3),(652,'2017-03-06 14:54:08','192.168.52.1',3),(653,'2017-03-06 15:00:26','192.168.52.1',3),(654,'2017-03-06 15:07:34','192.168.52.1',3),(655,'2017-03-06 15:14:11','192.168.52.1',3),(656,'2017-03-06 15:32:37','192.168.52.1',3),(657,'2017-03-06 15:35:32','192.168.52.1',3),(658,'2017-03-06 16:48:37','192.168.52.1',3),(659,'2017-03-06 18:30:22','192.168.52.1',3),(660,'2017-03-07 08:43:49','192.168.52.1',3),(661,'2017-03-09 16:06:04','192.168.52.1',3),(662,'2017-03-09 16:07:44','192.168.52.1',3),(663,'2017-03-09 16:35:16','192.168.52.1',3),(664,'2017-03-09 16:47:05','192.168.52.1',8),(665,'2017-03-09 16:47:34','192.168.52.1',9),(666,'2017-03-09 16:48:07','192.168.52.1',3),(667,'2017-03-09 18:04:48','192.168.52.1',3),(668,'2017-03-09 18:30:02','192.168.52.1',3),(669,'2017-03-09 18:30:35','192.168.52.1',9),(670,'2017-03-09 19:12:36','192.168.52.1',3),(671,'2017-03-09 19:14:24','192.168.52.1',9),(672,'2017-03-09 19:19:20','192.168.52.1',3),(673,'2017-03-09 19:20:02','192.168.52.1',9),(674,'2017-03-09 22:44:35','192.168.52.1',3),(675,'2017-03-11 14:20:51','192.168.52.1',3),(676,'2017-03-12 16:00:50','192.168.52.1',3),(677,'2017-03-15 09:49:56','192.168.52.1',3),(678,'2017-03-15 11:11:34','192.168.52.1',3),(679,'2017-03-15 13:05:39','192.168.52.1',3),(680,'2017-03-15 14:06:48','192.168.52.1',3),(681,'2017-03-15 14:11:27','192.168.52.1',3),(682,'2017-03-15 15:47:06','192.168.52.1',3),(683,'2017-03-17 08:42:16','192.168.52.1',3),(684,'2017-03-17 10:31:42','192.168.52.1',9),(685,'2017-03-17 11:08:26','192.168.52.1',3),(686,'2017-03-17 13:43:07','192.168.52.1',3),(687,'2017-03-17 14:20:05','192.168.52.1',9),(688,'2017-03-17 15:43:09','192.168.52.1',3),(689,'2017-03-18 08:54:57','192.168.52.1',3),(690,'2017-03-18 10:30:05','192.168.52.1',3),(691,'2017-03-18 13:47:00','192.168.52.1',3),(692,'2017-03-18 13:54:43','192.168.52.1',3);
/*!40000 ALTER TABLE `admin_login_log` ENABLE KEYS */;
UNLOCK TABLES;

--
-- Table structure for table `building`
--

DROP TABLE IF EXISTS `building`;
/*!40101 SET @saved_cs_client     = @@character_set_client */;
/*!40101 SET character_set_client = utf8 */;
CREATE TABLE `building` (
  `id` int(11) NOT NULL AUTO_INCREMENT,
  `number` int(11) NOT NULL,
  `sex` int(11) NOT NULL,
  `floor_number` int(11) NOT NULL,
  `department_id` int(11) NOT NULL,
  `admin_id` int(11) NOT NULL,
  `floor` int(11) NOT NULL,
  `status` int(11) NOT NULL,
  `bed_number` int(11) NOT NULL,
  PRIMARY KEY (`id`)
) ENGINE=InnoDB AUTO_INCREMENT=14 DEFAULT CHARSET=utf8;
/*!40101 SET character_set_client = @saved_cs_client */;

--
-- Dumping data for table `building`
--

LOCK TABLES `building` WRITE;
/*!40000 ALTER TABLE `building` DISABLE KEYS */;
INSERT INTO `building` VALUES (9,1,1,15,16,3,6,1,4),(10,2,0,14,21,1,6,0,4),(12,2,0,15,16,3,5,1,4),(13,3,1,15,21,8,14,1,4);
/*!40000 ALTER TABLE `building` ENABLE KEYS */;
UNLOCK TABLES;

--
-- Table structure for table `department`
--

DROP TABLE IF EXISTS `department`;
/*!40101 SET @saved_cs_client     = @@character_set_client */;
/*!40101 SET character_set_client = utf8 */;
CREATE TABLE `department` (
  `id` int(11) NOT NULL AUTO_INCREMENT,
  `building` varchar(255) DEFAULT NULL,
  `name` varchar(255) NOT NULL,
  `number` varchar(20) DEFAULT NULL,
  `phone` varchar(40) DEFAULT NULL,
  `status` int(11) DEFAULT '1',
  PRIMARY KEY (`id`)
) ENGINE=InnoDB AUTO_INCREMENT=28 DEFAULT CHARSET=utf8;
/*!40101 SET character_set_client = @saved_cs_client */;

--
-- Dumping data for table `department`
--

LOCK TABLES `department` WRITE;
/*!40000 ALTER TABLE `department` DISABLE KEYS */;
INSERT INTO `department` VALUES (16,'1号楼','数学与信息学院','50','020-83848847',1),(18,'15号楼','经济与管理学院','51','90388',0),(19,'16号楼','材料与能源学院','54','9090',0),(20,'15号楼','外国语学院','54','343252',0),(21,'17号楼','外国语学院','54','020-83848841',1),(22,'18号楼','材料与能源学院','78','904454',0),(23,'17号楼','材料与能源学院','56','020-83848842',1),(24,'18号楼','能源材料学院','57','9342342343',0),(25,'16号·','海洋学院','43','2332423',0),(26,'15号楼','人文与法学院','45','123423432',0),(27,'1号楼','农学院','90','020-8384884',0);
/*!40000 ALTER TABLE `department` ENABLE KEYS */;
UNLOCK TABLES;

--
-- Table structure for table `dormitory`
--

DROP TABLE IF EXISTS `dormitory`;
/*!40101 SET @saved_cs_client     = @@character_set_client */;
/*!40101 SET character_set_client = utf8 */;
CREATE TABLE `dormitory` (
  `id` int(11) NOT NULL AUTO_INCREMENT,
  `building_id` int(11) NOT NULL,
  `floor` int(11) NOT NULL,
  `number` int(11) NOT NULL,
  `bed_number` int(11) NOT NULL,
  `student_number` int(11) NOT NULL,
  `status` int(11) NOT NULL,
  `building_number` int(11) NOT NULL,
  PRIMARY KEY (`id`)
) ENGINE=InnoDB AUTO_INCREMENT=470 DEFAULT CHARSET=utf8;
/*!40101 SET character_set_client = @saved_cs_client */;

--
-- Dumping data for table `dormitory`
--

LOCK TABLES `dormitory` WRITE;
/*!40000 ALTER TABLE `dormitory` DISABLE KEYS */;
INSERT INTO `dormitory` VALUES (93,9,1,101,3,2,1,1),(94,9,1,102,4,2,1,1),(95,9,1,103,4,0,1,1),(96,9,1,104,4,0,1,1),(97,9,1,105,4,0,1,1),(98,9,1,106,4,0,1,1),(99,9,1,107,4,0,1,1),(100,9,1,108,4,0,1,1),(101,9,1,109,4,0,1,1),(102,9,1,110,4,0,1,1),(103,9,1,111,4,0,1,1),(104,9,1,112,4,0,1,1),(105,9,1,113,4,0,1,1),(106,9,1,114,4,0,1,1),(107,9,1,115,4,0,1,1),(108,9,2,201,4,0,1,1),(109,9,2,202,4,0,1,1),(110,9,2,203,4,0,1,1),(111,9,2,204,4,0,1,1),(112,9,2,205,4,0,1,1),(113,9,2,206,4,0,1,1),(114,9,2,207,4,0,1,1),(115,9,2,208,4,0,1,1),(116,9,2,209,4,0,1,1),(117,9,2,210,4,0,1,1),(118,9,2,211,4,0,1,1),(119,9,2,212,4,0,1,1),(120,9,2,213,4,0,1,1),(121,9,2,214,4,0,1,1),(122,9,2,215,4,0,1,1),(123,9,3,301,4,0,1,1),(124,9,3,302,4,0,1,1),(125,9,3,303,4,0,1,1),(126,9,3,304,4,0,1,1),(127,9,3,305,4,0,1,1),(128,9,3,306,4,0,1,1),(129,9,3,307,4,0,1,1),(130,9,3,308,4,0,1,1),(131,9,3,309,4,0,1,1),(132,9,3,310,4,0,1,1),(133,9,3,311,4,0,1,1),(134,9,3,312,4,0,1,1),(135,9,3,313,4,0,1,1),(136,9,3,314,4,0,1,1),(137,9,3,315,4,0,1,1),(138,9,4,401,4,0,1,1),(139,9,4,402,4,0,1,1),(140,9,4,403,4,0,1,1),(141,9,4,404,4,0,1,1),(142,9,4,405,4,0,1,1),(143,9,4,406,4,0,1,1),(144,9,4,407,4,0,1,1),(145,9,4,408,4,0,1,1),(146,9,4,409,4,0,1,1),(147,9,4,410,4,0,1,1),(148,9,4,411,4,0,1,1),(149,9,4,412,4,0,1,1),(150,9,4,413,4,0,1,1),(151,9,4,414,4,0,1,1),(152,9,4,415,4,0,1,1),(153,9,5,501,4,0,1,1),(154,9,5,502,4,0,1,1),(155,9,5,503,4,0,1,1),(156,9,5,504,4,0,1,1),(157,9,5,505,4,0,1,1),(158,9,5,506,4,0,1,1),(159,9,5,507,4,0,1,1),(160,9,5,508,4,0,1,1),(161,9,5,509,4,0,1,1),(162,9,5,510,4,0,1,1),(163,9,5,511,4,0,1,1),(164,9,5,512,4,0,1,1),(165,9,5,513,4,0,1,1),(166,9,5,514,4,0,1,1),(167,9,5,515,4,0,1,1),(168,9,6,601,4,0,1,1),(169,9,6,602,4,0,1,1),(170,9,6,603,4,0,1,1),(171,9,6,604,4,0,1,1),(172,9,6,605,4,0,1,1),(173,9,6,606,4,0,1,1),(174,9,6,607,4,0,1,1),(175,9,6,608,4,0,1,1),(176,9,6,609,4,0,1,1),(177,9,6,610,4,0,1,1),(178,9,6,611,4,0,1,1),(179,9,6,612,4,0,1,1),(180,9,6,613,4,0,1,1),(181,9,6,614,4,0,1,1),(182,9,6,615,4,0,1,1),(183,9,1,117,4,0,1,1),(184,9,1,119,6,0,1,1),(185,12,1,101,4,3,1,2),(186,12,1,102,4,0,1,2),(187,12,1,103,4,0,1,2),(188,12,1,104,4,0,1,2),(189,12,1,105,4,0,1,2),(190,12,1,106,4,0,1,2),(191,12,1,107,4,0,1,2),(192,12,1,108,4,0,1,2),(193,12,1,109,4,0,1,2),(194,12,1,110,4,0,1,2),(195,12,1,111,4,0,1,2),(196,12,1,112,4,0,1,2),(197,12,1,113,4,0,1,2),(198,12,1,114,4,0,1,2),(199,12,1,115,4,0,1,2),(200,12,2,201,4,0,1,2),(201,12,2,202,4,0,1,2),(202,12,2,203,4,0,1,2),(203,12,2,204,4,0,1,2),(204,12,2,205,4,0,1,2),(205,12,2,206,4,0,1,2),(206,12,2,207,4,0,1,2),(207,12,2,208,4,0,1,2),(208,12,2,209,4,0,1,2),(209,12,2,210,4,0,1,2),(210,12,2,211,4,0,1,2),(211,12,2,212,4,0,1,2),(212,12,2,213,4,0,1,2),(213,12,2,214,4,0,1,2),(214,12,2,215,4,0,1,2),(215,12,3,301,4,0,1,2),(216,12,3,302,4,0,1,2),(217,12,3,303,4,0,1,2),(218,12,3,304,4,0,1,2),(219,12,3,305,4,0,1,2),(220,12,3,306,4,0,1,2),(221,12,3,307,4,0,1,2),(222,12,3,308,4,0,1,2),(223,12,3,309,4,0,1,2),(224,12,3,310,4,0,1,2),(225,12,3,311,4,0,1,2),(226,12,3,312,4,0,1,2),(227,12,3,313,4,0,1,2),(228,12,3,314,4,0,1,2),(229,12,3,315,4,0,1,2),(230,12,4,401,4,0,1,2),(231,12,4,402,4,0,1,2),(232,12,4,403,4,0,1,2),(233,12,4,404,4,0,1,2),(234,12,4,405,4,0,1,2),(235,12,4,406,4,0,1,2),(236,12,4,407,4,0,1,2),(237,12,4,408,4,0,1,2),(238,12,4,409,4,0,1,2),(239,12,4,410,4,0,1,2),(240,12,4,411,4,0,1,2),(241,12,4,412,4,0,1,2),(242,12,4,413,4,0,1,2),(243,12,4,414,4,0,1,2),(244,12,4,415,4,0,1,2),(245,12,5,501,4,0,1,2),(246,12,5,502,4,0,1,2),(247,12,5,503,4,0,1,2),(248,12,5,504,4,0,1,2),(249,12,5,505,4,0,1,2),(250,12,5,506,4,0,1,2),(251,12,5,507,4,0,1,2),(252,12,5,508,4,0,1,2),(253,12,5,509,4,0,1,2),(254,12,5,510,4,0,1,2),(255,12,5,511,4,0,1,2),(256,12,5,512,4,0,1,2),(257,12,5,513,4,0,1,2),(258,12,5,514,4,0,1,2),(259,12,5,515,4,0,1,2),(260,13,1,101,4,0,1,3),(261,13,1,102,4,0,1,3),(262,13,1,103,4,0,1,3),(263,13,1,104,4,0,1,3),(264,13,1,105,4,0,1,3),(265,13,1,106,4,0,1,3),(266,13,1,107,4,0,1,3),(267,13,1,108,4,0,1,3),(268,13,1,109,4,0,1,3),(269,13,1,110,4,0,1,3),(270,13,1,111,4,0,1,3),(271,13,1,112,4,0,1,3),(272,13,1,113,4,0,1,3),(273,13,1,114,4,0,1,3),(274,13,1,115,4,0,1,3),(275,13,2,201,4,0,1,3),(276,13,2,202,4,0,1,3),(277,13,2,203,4,0,1,3),(278,13,2,204,4,0,1,3),(279,13,2,205,4,0,1,3),(280,13,2,206,4,0,1,3),(281,13,2,207,4,0,1,3),(282,13,2,208,4,0,1,3),(283,13,2,209,4,0,1,3),(284,13,2,210,4,0,1,3),(285,13,2,211,4,0,1,3),(286,13,2,212,4,0,1,3),(287,13,2,213,4,0,1,3),(288,13,2,214,4,0,1,3),(289,13,2,215,4,0,1,3),(290,13,3,301,4,0,1,3),(291,13,3,302,4,0,1,3),(292,13,3,303,4,0,1,3),(293,13,3,304,4,0,1,3),(294,13,3,305,4,0,1,3),(295,13,3,306,4,0,1,3),(296,13,3,307,4,0,1,3),(297,13,3,308,4,0,1,3),(298,13,3,309,4,0,1,3),(299,13,3,310,4,0,1,3),(300,13,3,311,4,0,1,3),(301,13,3,312,4,0,1,3),(302,13,3,313,4,0,1,3),(303,13,3,314,4,0,1,3),(304,13,3,315,4,0,1,3),(305,13,4,401,4,0,1,3),(306,13,4,402,4,0,1,3),(307,13,4,403,4,0,1,3),(308,13,4,404,4,0,1,3),(309,13,4,405,4,0,1,3),(310,13,4,406,4,0,1,3),(311,13,4,407,4,0,1,3),(312,13,4,408,4,0,1,3),(313,13,4,409,4,0,1,3),(314,13,4,410,4,0,1,3),(315,13,4,411,4,0,1,3),(316,13,4,412,4,0,1,3),(317,13,4,413,4,0,1,3),(318,13,4,414,4,0,1,3),(319,13,4,415,4,0,1,3),(320,13,5,501,4,0,1,3),(321,13,5,502,4,0,1,3),(322,13,5,503,4,0,1,3),(323,13,5,504,4,0,1,3),(324,13,5,505,4,0,1,3),(325,13,5,506,4,0,1,3),(326,13,5,507,4,0,1,3),(327,13,5,508,4,0,1,3),(328,13,5,509,4,0,1,3),(329,13,5,510,4,0,1,3),(330,13,5,511,4,0,1,3),(331,13,5,512,4,0,1,3),(332,13,5,513,4,0,1,3),(333,13,5,514,4,0,1,3),(334,13,5,515,4,0,1,3),(335,13,6,601,4,0,1,3),(336,13,6,602,4,0,1,3),(337,13,6,603,4,0,1,3),(338,13,6,604,4,0,1,3),(339,13,6,605,4,0,1,3),(340,13,6,606,4,0,1,3),(341,13,6,607,4,0,1,3),(342,13,6,608,4,0,1,3),(343,13,6,609,4,0,1,3),(344,13,6,610,4,0,1,3),(345,13,6,611,4,0,1,3),(346,13,6,612,4,0,1,3),(347,13,6,613,4,0,1,3),(348,13,6,614,4,0,1,3),(349,13,6,615,4,0,1,3),(350,13,7,701,4,0,1,3),(351,13,7,702,4,0,1,3),(352,13,7,703,4,0,1,3),(353,13,7,704,4,0,1,3),(354,13,7,705,4,0,1,3),(355,13,7,706,4,0,1,3),(356,13,7,707,4,0,1,3),(357,13,7,708,4,0,1,3),(358,13,7,709,4,0,1,3),(359,13,7,710,4,0,1,3),(360,13,7,711,4,0,1,3),(361,13,7,712,4,0,1,3),(362,13,7,713,4,0,1,3),(363,13,7,714,4,0,1,3),(364,13,7,715,4,0,1,3),(365,13,8,801,4,0,1,3),(366,13,8,802,4,0,1,3),(367,13,8,803,4,0,1,3),(368,13,8,804,4,0,1,3),(369,13,8,805,4,0,1,3),(370,13,8,806,4,0,1,3),(371,13,8,807,4,0,1,3),(372,13,8,808,4,0,1,3),(373,13,8,809,4,0,1,3),(374,13,8,810,4,0,1,3),(375,13,8,811,4,0,1,3),(376,13,8,812,4,0,1,3),(377,13,8,813,4,0,1,3),(378,13,8,814,4,0,1,3),(379,13,8,815,4,0,1,3),(380,13,9,901,4,0,1,3),(381,13,9,902,4,0,1,3),(382,13,9,903,4,0,1,3),(383,13,9,904,4,0,1,3),(384,13,9,905,4,0,1,3),(385,13,9,906,4,0,1,3),(386,13,9,907,4,0,1,3),(387,13,9,908,4,0,1,3),(388,13,9,909,4,0,1,3),(389,13,9,910,4,0,1,3),(390,13,9,911,4,0,1,3),(391,13,9,912,4,0,1,3),(392,13,9,913,4,0,1,3),(393,13,9,914,4,0,1,3),(394,13,9,915,4,0,1,3),(395,13,10,1001,4,0,1,3),(396,13,10,1002,4,0,1,3),(397,13,10,1003,4,0,1,3),(398,13,10,1004,4,0,1,3),(399,13,10,1005,4,0,1,3),(400,13,10,1006,4,0,1,3),(401,13,10,1007,4,0,1,3),(402,13,10,1008,4,0,1,3),(403,13,10,1009,4,0,1,3),(404,13,10,1010,4,0,1,3),(405,13,10,1011,4,0,1,3),(406,13,10,1012,4,0,1,3),(407,13,10,1013,4,0,1,3),(408,13,10,1014,4,0,1,3),(409,13,10,1015,4,0,1,3),(410,13,11,1101,4,0,1,3),(411,13,11,1102,4,0,1,3),(412,13,11,1103,4,0,1,3),(413,13,11,1104,4,0,1,3),(414,13,11,1105,4,0,1,3),(415,13,11,1106,4,0,1,3),(416,13,11,1107,4,0,1,3),(417,13,11,1108,4,0,1,3),(418,13,11,1109,4,0,1,3),(419,13,11,1110,4,0,1,3),(420,13,11,1111,4,0,1,3),(421,13,11,1112,4,0,1,3),(422,13,11,1113,4,0,1,3),(423,13,11,1114,4,0,1,3),(424,13,11,1115,4,0,1,3),(425,13,12,1201,4,0,1,3),(426,13,12,1202,4,0,1,3),(427,13,12,1203,4,0,1,3),(428,13,12,1204,4,0,1,3),(429,13,12,1205,4,0,1,3),(430,13,12,1206,4,0,1,3),(431,13,12,1207,4,0,1,3),(432,13,12,1208,4,0,1,3),(433,13,12,1209,4,0,1,3),(434,13,12,1210,4,0,1,3),(435,13,12,1211,4,0,1,3),(436,13,12,1212,4,0,1,3),(437,13,12,1213,4,0,1,3),(438,13,12,1214,4,0,1,3),(439,13,12,1215,4,0,1,3),(440,13,13,1301,4,0,1,3),(441,13,13,1302,4,0,1,3),(442,13,13,1303,4,0,1,3),(443,13,13,1304,4,0,1,3),(444,13,13,1305,4,0,1,3),(445,13,13,1306,4,0,1,3),(446,13,13,1307,4,0,1,3),(447,13,13,1308,4,0,1,3),(448,13,13,1309,4,0,1,3),(449,13,13,1310,4,0,1,3),(450,13,13,1311,4,0,1,3),(451,13,13,1312,4,0,1,3),(452,13,13,1313,4,0,1,3),(453,13,13,1314,4,0,1,3),(454,13,13,1315,4,0,1,3),(455,13,14,1401,4,0,1,3),(456,13,14,1402,4,0,1,3),(457,13,14,1403,4,0,1,3),(458,13,14,1404,4,0,1,3),(459,13,14,1405,4,0,1,3),(460,13,14,1406,4,0,1,3),(461,13,14,1407,4,0,1,3),(462,13,14,1408,4,0,1,3),(463,13,14,1409,4,0,1,3),(464,13,14,1410,4,0,1,3),(465,13,14,1411,4,0,1,3),(466,13,14,1412,4,0,1,3),(467,13,14,1413,4,0,1,3),(468,13,14,1414,4,0,1,3),(469,13,14,1415,4,0,1,3);
/*!40000 ALTER TABLE `dormitory` ENABLE KEYS */;
UNLOCK TABLES;

--
-- Table structure for table `electric_record`
--

DROP TABLE IF EXISTS `electric_record`;
/*!40101 SET @saved_cs_client     = @@character_set_client */;
/*!40101 SET character_set_client = utf8 */;
CREATE TABLE `electric_record` (
  `id` int(11) NOT NULL AUTO_INCREMENT,
  `start_time` date NOT NULL,
  `end_time` date NOT NULL,
  `electric_rate` decimal(8,2) NOT NULL,
  `status` int(11) NOT NULL,
  `pay` int(11) NOT NULL,
  `dormitory_id` int(11) NOT NULL,
  PRIMARY KEY (`id`)
) ENGINE=InnoDB AUTO_INCREMENT=14 DEFAULT CHARSET=utf8;
/*!40101 SET character_set_client = @saved_cs_client */;

--
-- Dumping data for table `electric_record`
--

LOCK TABLES `electric_record` WRITE;
/*!40000 ALTER TABLE `electric_record` DISABLE KEYS */;
INSERT INTO `electric_record` VALUES (10,'2017-01-01','2017-02-01',40.01,1,1,93),(11,'2017-01-01','2017-02-23',40.05,0,0,94),(12,'2017-02-01','2017-02-08',10.00,0,0,96),(13,'2017-02-01','2017-02-09',10.90,1,1,96);
/*!40000 ALTER TABLE `electric_record` ENABLE KEYS */;
UNLOCK TABLES;

--
-- Table structure for table `goods_record`
--

DROP TABLE IF EXISTS `goods_record`;
/*!40101 SET @saved_cs_client     = @@character_set_client */;
/*!40101 SET character_set_client = utf8 */;
CREATE TABLE `goods_record` (
  `id` int(11) NOT NULL AUTO_INCREMENT,
  `goods` varchar(100) NOT NULL,
  `leave_time` datetime NOT NULL,
  `building_id` int(11) NOT NULL,
  `name` varchar(100) NOT NULL,
  `status` int(11) NOT NULL,
  PRIMARY KEY (`id`)
) ENGINE=InnoDB AUTO_INCREMENT=7 DEFAULT CHARSET=utf8;
/*!40101 SET character_set_client = @saved_cs_client */;

--
-- Dumping data for table `goods_record`
--

LOCK TABLES `goods_record` WRITE;
/*!40000 ALTER TABLE `goods_record` DISABLE KEYS */;
INSERT INTO `goods_record` VALUES (1,'电脑主机','2017-02-02 01:25:00',9,'阿三',1),(2,'台式笔记本','2017-02-03 09:30:11',9,'张三',0),(3,'行李箱','2017-02-04 09:30:15',9,'李四',0),(4,'台式电脑','2017-02-01 09:55:43',9,'admin',0),(5,'钱','2017-02-02 09:55:42',9,'你懂的',0),(6,'好大物件','2017-02-03 20:45:28',9,'张三',1);
/*!40000 ALTER TABLE `goods_record` ENABLE KEYS */;
UNLOCK TABLES;

--
-- Table structure for table `profession`
--

DROP TABLE IF EXISTS `profession`;
/*!40101 SET @saved_cs_client     = @@character_set_client */;
/*!40101 SET character_set_client = utf8 */;
CREATE TABLE `profession` (
  `id` int(11) NOT NULL AUTO_INCREMENT,
  `classNumber` int(11) NOT NULL,
  `departmentId` int(11) NOT NULL,
  `name` varchar(255) NOT NULL,
  `number` varchar(255) NOT NULL,
  `remark` varchar(255) NOT NULL DEFAULT '无',
  `status` int(11) NOT NULL DEFAULT '1',
  PRIMARY KEY (`id`)
) ENGINE=InnoDB AUTO_INCREMENT=6 DEFAULT CHARSET=utf8;
/*!40101 SET character_set_client = @saved_cs_client */;

--
-- Dumping data for table `profession`
--

LOCK TABLES `profession` WRITE;
/*!40000 ALTER TABLE `profession` DISABLE KEYS */;
INSERT INTO `profession` VALUES (1,3,16,'网络工程','53','搭网络',1),(2,2,21,'英语专业','54','与外国人沟通',1),(3,3,16,'软件工程','54','开发',0),(4,2,16,'软件工程','54','码农',1),(5,2,23,'化学','89','研究化学',1);
/*!40000 ALTER TABLE `profession` ENABLE KEYS */;
UNLOCK TABLES;

--
-- Table structure for table `public_note`
--

DROP TABLE IF EXISTS `public_note`;
/*!40101 SET @saved_cs_client     = @@character_set_client */;
/*!40101 SET character_set_client = utf8 */;
CREATE TABLE `public_note` (
  `id` int(11) NOT NULL AUTO_INCREMENT,
  `title` varchar(30) NOT NULL,
  `context` varchar(255) NOT NULL,
  `public_time` datetime NOT NULL,
  `adminId` int(11) NOT NULL,
  `status` int(11) NOT NULL DEFAULT '1',
  PRIMARY KEY (`id`)
) ENGINE=InnoDB AUTO_INCREMENT=8 DEFAULT CHARSET=utf8;
/*!40101 SET character_set_client = @saved_cs_client */;

--
-- Dumping data for table `public_note`
--

LOCK TABLES `public_note` WRITE;
/*!40000 ALTER TABLE `public_note` DISABLE KEYS */;
INSERT INTO `public_note` VALUES (1,'欢度春节','一切皆有可能 ','2017-01-22 14:32:26',3,0),(2,'首次使用','请记得重置密码','2017-01-22 16:06:06',3,0),(3,'正在开发中','成功','2017-01-22 16:07:23',3,0),(4,'谁持彩练当空舞','奶爱你的 等你爱我有手看透爱情看透你 仍做爱爱摇什锦锉 你的人我的你 you are doing what ','2017-01-22 16:45:35',3,1),(5,'加油','只要努力就有结果','2017-01-22 23:14:47',3,1),(6,'万物皆有灵性',' 世界万物皆有灵性','2017-01-24 11:49:22',3,1),(7,'sb','sos','2017-02-08 15:58:40',3,0);
/*!40000 ALTER TABLE `public_note` ENABLE KEYS */;
UNLOCK TABLES;

--
-- Table structure for table `repairs_record`
--

DROP TABLE IF EXISTS `repairs_record`;
/*!40101 SET @saved_cs_client     = @@character_set_client */;
/*!40101 SET character_set_client = utf8 */;
CREATE TABLE `repairs_record` (
  `id` int(11) NOT NULL AUTO_INCREMENT,
  `dormitory_id` int(11) NOT NULL,
  `student_id` int(11) NOT NULL,
  `status` int(11) NOT NULL,
  `repairs_time` datetime NOT NULL,
  `is_repairs` int(11) NOT NULL,
  `context` varchar(100) NOT NULL,
  `name` varchar(11) NOT NULL,
  `number` varchar(40) NOT NULL,
  `remark` varchar(30) NOT NULL,
  PRIMARY KEY (`id`)
) ENGINE=InnoDB AUTO_INCREMENT=6 DEFAULT CHARSET=utf8;
/*!40101 SET character_set_client = @saved_cs_client */;

--
-- Dumping data for table `repairs_record`
--

LOCK TABLES `repairs_record` WRITE;
/*!40000 ALTER TABLE `repairs_record` DISABLE KEYS */;
INSERT INTO `repairs_record` VALUES (5,93,1,1,'2017-03-09 10:05:36',2,'宿舍水龙头漏水','蔡晓晖','20170309100536201330350101','白天有课，中午或晚上宿舍才有人');
/*!40000 ALTER TABLE `repairs_record` ENABLE KEYS */;
UNLOCK TABLES;

--
-- Table structure for table `sanitation`
--

DROP TABLE IF EXISTS `sanitation`;
/*!40101 SET @saved_cs_client     = @@character_set_client */;
/*!40101 SET character_set_client = utf8 */;
CREATE TABLE `sanitation` (
  `id` int(11) NOT NULL AUTO_INCREMENT,
  `start_time` date NOT NULL,
  `end_time` date NOT NULL,
  `status` int(11) NOT NULL,
  `dormitory_id` int(11) NOT NULL,
  `degree` int(11) NOT NULL,
  PRIMARY KEY (`id`)
) ENGINE=InnoDB AUTO_INCREMENT=7 DEFAULT CHARSET=utf8;
/*!40101 SET character_set_client = @saved_cs_client */;

--
-- Dumping data for table `sanitation`
--

LOCK TABLES `sanitation` WRITE;
/*!40000 ALTER TABLE `sanitation` DISABLE KEYS */;
INSERT INTO `sanitation` VALUES (1,'2017-01-01','2017-02-02',1,93,2),(2,'2017-01-01','2017-02-02',0,94,2),(3,'2017-01-01','2017-02-02',1,96,1),(4,'2017-01-02','2017-02-17',0,96,2),(5,'2017-01-01','2017-02-28',0,101,3),(6,'2017-01-01','2017-02-23',1,97,3);
/*!40000 ALTER TABLE `sanitation` ENABLE KEYS */;
UNLOCK TABLES;

--
-- Table structure for table `send_water_record`
--

DROP TABLE IF EXISTS `send_water_record`;
/*!40101 SET @saved_cs_client     = @@character_set_client */;
/*!40101 SET character_set_client = utf8 */;
CREATE TABLE `send_water_record` (
  `id` int(11) NOT NULL AUTO_INCREMENT,
  `dormitory_id` int(11) NOT NULL,
  `student_id` int(11) NOT NULL,
  `status` int(11) NOT NULL,
  `time` datetime NOT NULL,
  `is_send` int(11) NOT NULL,
  `name` varchar(40) NOT NULL,
  `number` int(11) NOT NULL,
  PRIMARY KEY (`id`)
) ENGINE=InnoDB AUTO_INCREMENT=5 DEFAULT CHARSET=utf8;
/*!40101 SET character_set_client = @saved_cs_client */;

--
-- Dumping data for table `send_water_record`
--

LOCK TABLES `send_water_record` WRITE;
/*!40000 ALTER TABLE `send_water_record` DISABLE KEYS */;
INSERT INTO `send_water_record` VALUES (2,93,1,1,'2017-02-05 16:30:22',1,'蔡晓晖',2),(3,93,1,1,'2017-02-07 10:40:50',1,'蔡晓晖',4),(4,93,1,1,'2017-02-27 19:30:12',0,'蔡晓晖',3);
/*!40000 ALTER TABLE `send_water_record` ENABLE KEYS */;
UNLOCK TABLES;

--
-- Table structure for table `student`
--

DROP TABLE IF EXISTS `student`;
/*!40101 SET @saved_cs_client     = @@character_set_client */;
/*!40101 SET character_set_client = utf8 */;
CREATE TABLE `student` (
  `id` int(11) NOT NULL AUTO_INCREMENT,
  `number` varchar(30) NOT NULL,
  `sex` int(11) NOT NULL,
  `phone` varchar(20) NOT NULL,
  `profession_id` int(11) NOT NULL DEFAULT '0',
  `dormitory_id` int(11) NOT NULL DEFAULT '0',
  `class_number` int(11) NOT NULL,
  `password` varchar(255) NOT NULL,
  `status` int(11) NOT NULL DEFAULT '1',
  `grade` int(11) NOT NULL,
  `name` varchar(100) NOT NULL,
  PRIMARY KEY (`id`)
) ENGINE=InnoDB AUTO_INCREMENT=67 DEFAULT CHARSET=utf8;
/*!40101 SET character_set_client = @saved_cs_client */;

--
-- Dumping data for table `student`
--

LOCK TABLES `student` WRITE;
/*!40000 ALTER TABLE `student` DISABLE KEYS */;
INSERT INTO `student` VALUES (1,'201330350101',1,'18813757486',1,93,1,'AB59B417F527721A5731F3D5E0220D26',1,2013,'蔡晓晖'),(2,'201330350102',1,'0',1,93,1,'74420D047689723137452973A7F1D8EC',1,2013,'陈焕财'),(3,'201330350103',1,'0',1,0,1,'5F5D399B6F873C71C6C973B6D2D4C34E',1,2013,'陈嘉生'),(5,'201330350103',1,'0',1,0,1,'5F5D399B6F873C71C6C973B6D2D4C34E',0,2013,'陈俊成'),(6,'201630350101',0,'0',2,0,1,'8781419511431C3CEAB52024E7DFCD75',1,2016,'加油'),(7,'201530350101',1,'0',1,0,1,'3D6A11DB26C5AA55A56C0B5D61B601CC',1,2015,'陈二月'),(8,'201330340101',1,'0',4,0,1,'3F02BDA8C112BE03E938E376072B8E2B',1,2013,'啊'),(9,'201330350156',0,'0',1,0,2,'F28CD248A87F21898058CA6B246D3EA6',1,2015,'天啊'),(10,'201330350111',0,'18813757434',1,185,1,'5D22B9CA3822F04E18089120280F103B',1,2013,'花'),(11,'201330350112',1,'18813757434',1,94,2,'EC26AB8326A0137789C0B746128B6123',1,2013,'草'),(12,'201430350101',0,'18813757412',1,0,1,'2761CA62C1CF79103599198A183ACE83',1,2014,'水'),(13,'201430350110',1,'18813767123',1,0,2,'EDBF4178B72290DCEA16ADE33AC30063',1,2014,'火'),(14,'201330350301',0,'18813757401',1,185,2,'70D7B7DFDFE7DBFAA9D4D1B2D212FEFF',1,2013,'天'),(15,'201330350319',0,'18813757401',1,185,2,'6765D1375186E48DEEA7790305C3D15F',1,2013,'天'),(16,'201330350107',1,'0',1,94,1,'97655EFD3CB9B530B9C6842464AB29C2',1,2013,'郭'),(17,'201730350301',0,'18813757401',1,0,2,'C2CA0C07ECF34E8D0DAD8725170280F2',0,2017,'天'),(18,'201730350302',0,'18813757402',1,0,2,'374DF3CE46D2267FBCBABDB18D90BFF7',0,2017,'天'),(19,'201730350303',0,'18813757403',1,0,2,'5C0AC75A31CD23FF410C13997FF63065',0,2017,'天'),(20,'201730350304',0,'18813757404',1,0,2,'C38347D1B2117F5EE1BD60A9904552F0',0,2017,'天'),(21,'201730350305',0,'18813757405',1,0,2,'D595316E6DFF7893571F3123CF064031',0,2017,'天'),(22,'201730350306',0,'18813757406',1,0,2,'6F03BB7443F91C230DEDBA3AED56F55C',0,2017,'天'),(23,'201730350307',0,'18813757407',1,0,2,'60D0535959ED7F5B95316767B768E5F8',0,2017,'天'),(24,'201730350308',0,'18813757408',1,0,2,'2FEF9DA4BD8DC8F1F29C0A194C331D7B',0,2017,'天'),(25,'201730350309',0,'18813757409',1,0,2,'63463340789B8BD1569A3AA0CE57C81E',0,2017,'天'),(26,'201730350310',0,'18813757410',1,0,2,'A756D084AD46871B3E39B577040A5C4E',0,2017,'天'),(27,'201730350311',0,'18813757411',1,0,2,'317DDFD2F29BE892493C2085860AE00B',0,2017,'天'),(28,'201730350312',0,'18813757412',1,0,2,'0BB3EF24E497D612C02626ED9E0672AB',0,2017,'天'),(29,'201730350313',0,'18813757413',1,0,2,'3BCAEAA59C6E82D356EA713775DD5426',0,2017,'天'),(30,'201730350314',0,'18813757414',1,0,2,'E73BEB9A04C112A4E9B68540E1918F1C',0,2017,'天'),(31,'201730350315',0,'18813757415',1,0,2,'79420A2C9BB9B893DF00353F5A8098D5',0,2017,'天'),(32,'201730350316',0,'18813757416',1,0,2,'7C36605E04B1F289AFF34EE608E35684',0,2017,'天'),(33,'201730350317',0,'18813757417',1,0,2,'9BC4082A62C7A5DFEE6F72C1DE4DBB01',0,2017,'天'),(34,'201730350318',0,'18813757418',1,0,2,'77CA785E320CA5D6FC33EAFB1E6862BC',0,2017,'天'),(35,'201730350319',0,'18813757419',1,0,2,'3D95B3F5F17B660C99A69DCE7FD0874A',0,2017,'天'),(36,'201730350320',0,'18813757420',1,0,2,'1AF1ACE6303655B3FF26F42FE1CE6138',0,2017,'天'),(37,'201730350321',0,'18813757421',1,0,2,'384CD1E9452E984E6329739611C4BF5A',0,2017,'天'),(38,'201730350322',0,'18813757422',1,0,2,'3301192F308CB3FB202F3EA4F24E61A5',0,2017,'天'),(39,'201730350323',0,'18813757423',1,0,2,'A4795F52CDE18D3B217C4DF7C354889D',0,2017,'天'),(40,'201730350324',0,'18813757424',1,0,2,'89220A207E5C02BB9D083ECB91023A51',0,2017,'天'),(41,'201730350325',0,'18813757425',1,0,2,'F08B81D0DA4997B8BE1BF36295A1FCA5',0,2017,'天'),(42,'201730350326',0,'18813757426',1,0,2,'28C076C2829687F1C9E8EE1820B042A4',0,2017,'天'),(43,'201730350327',0,'18813757427',1,0,2,'502BA2AA73A44BE49DCE6D15174ECF21',0,2017,'天'),(44,'201730350328',0,'18813757428',1,0,2,'DEE92F97AD04B7A524835BC0B3476621',0,2017,'天'),(45,'201730350329',0,'18813757429',1,0,2,'B209E58459FEEB7F5C39362D1697C7C9',0,2017,'天'),(46,'201730350330',0,'18813757430',1,0,2,'B0B8A9D9B3A4A24619DC5A47A6F7C860',0,2017,'天'),(47,'201730350331',0,'18813757431',1,0,2,'CA7F1F7E6C064BF074D5E91C68DBE7B4',0,2017,'天'),(48,'201730350332',0,'18813757432',1,0,2,'918C8AC8DF490A94A171CF9F6352100C',0,2017,'天'),(49,'201730350333',0,'18813757433',1,0,2,'70901D607D07CF0B1B56AC27D92DCA72',0,2017,'天'),(50,'201730350334',0,'18813757434',1,0,2,'BC8FCB973ED77DDA2578A9B9A2B7197D',0,2017,'天'),(51,'201730350335',0,'18813757435',1,0,2,'FB15A99381384978C87F08999582007D',0,2017,'天'),(52,'201730350336',0,'18813757436',1,0,2,'1F768C8BB29DE1088C0F9412CE1E25D4',0,2017,'天'),(53,'201730350337',0,'18813757437',1,0,2,'CC4D1BF462A4CD6F15C7D4834AA96EF6',0,2017,'天'),(54,'201730350338',0,'18813757438',1,0,2,'B0B7BBA59E3FD9A57BF333CF4742CF88',0,2017,'天'),(55,'201730350339',0,'18813757439',1,0,2,'AF308680220870AEA2D6756C940DF8BF',0,2017,'天'),(56,'201730350340',0,'18813757440',1,0,2,'269D1B9DB5E46CBAEE182B18A9820560',0,2017,'天'),(57,'201730350341',0,'18813757441',1,0,2,'94A85127F17021D654FA10E60149E1A0',0,2017,'天'),(58,'201730350342',0,'18813757442',1,0,2,'A77C1BB6FB2CD16BF6AE4FF3337F358D',0,2017,'天'),(59,'201730350343',0,'18813757443',1,0,2,'A9BED97D77CBB537D495EDAAB334D0AB',0,2017,'天'),(60,'201730350344',0,'18813757444',1,0,2,'A38779F5A605417BB75C12FAD00E7160',0,2017,'天'),(61,'201730350345',0,'18813757445',1,0,2,'7A96516613BAE724663D0C271A20B26A',0,2017,'天'),(62,'201730350346',0,'18813757446',1,0,2,'95713FBC07927E9EC64DF9306889E3AB',0,2017,'天'),(63,'201730350347',0,'18813757447',1,0,2,'0DBBC158F974203D10354D633477DE54',0,2017,'天'),(64,'201730350348',0,'18813757448',1,0,2,'DC58F6B3F7E57AA1CFBF1E2AE933D33A',0,2017,'天'),(65,'201730350349',0,'18813757449',1,0,2,'F3850C05D52486E7F29E6499E0632470',0,2017,'天'),(66,'201730350350',0,'18813757450',1,0,2,'F45322ECB9B367D33D6609298DE8229C',0,2017,'天');
/*!40000 ALTER TABLE `student` ENABLE KEYS */;
UNLOCK TABLES;

--
-- Table structure for table `visit_record`
--

DROP TABLE IF EXISTS `visit_record`;
/*!40101 SET @saved_cs_client     = @@character_set_client */;
/*!40101 SET character_set_client = utf8 */;
CREATE TABLE `visit_record` (
  `id` int(11) NOT NULL AUTO_INCREMENT,
  `dormitory_id` int(11) DEFAULT NULL,
  `end_time` varchar(255) DEFAULT NULL,
  `start_time` varchar(255) DEFAULT NULL,
  `status` int(11) DEFAULT NULL,
  `visited_name` varchar(255) DEFAULT NULL,
  `visitor` varchar(255) DEFAULT NULL,
  `visitor_number` varchar(255) DEFAULT NULL,
  PRIMARY KEY (`id`)
) ENGINE=InnoDB AUTO_INCREMENT=4 DEFAULT CHARSET=utf8;
/*!40101 SET character_set_client = @saved_cs_client */;

--
-- Dumping data for table `visit_record`
--

LOCK TABLES `visit_record` WRITE;
/*!40000 ALTER TABLE `visit_record` DISABLE KEYS */;
INSERT INTO `visit_record` VALUES (1,93,'2017-02-02 19:30:04','2017-02-02 18:05:04',1,'普','奥巴','434234234'),(2,94,'2017-02-03 21:55:39','2017-02-03 21:45:38',0,'李四','阿三','4342323423'),(3,95,'2017-02-04 23:55:11','2017-02-01 21:45:10',0,'叶','花','43923423423');
/*!40000 ALTER TABLE `visit_record` ENABLE KEYS */;
UNLOCK TABLES;

--
-- Table structure for table `water_record`
--

DROP TABLE IF EXISTS `water_record`;
/*!40101 SET @saved_cs_client     = @@character_set_client */;
/*!40101 SET character_set_client = utf8 */;
CREATE TABLE `water_record` (
  `id` int(11) NOT NULL AUTO_INCREMENT,
  `start_time` date NOT NULL,
  `end_time` date NOT NULL,
  `water_rate` decimal(8,2) NOT NULL,
  `status` int(11) NOT NULL,
  `pay` int(11) NOT NULL,
  `dormitory_id` int(11) NOT NULL,
  PRIMARY KEY (`id`)
) ENGINE=InnoDB AUTO_INCREMENT=10 DEFAULT CHARSET=utf8;
/*!40101 SET character_set_client = @saved_cs_client */;

--
-- Dumping data for table `water_record`
--

LOCK TABLES `water_record` WRITE;
/*!40000 ALTER TABLE `water_record` DISABLE KEYS */;
INSERT INTO `water_record` VALUES (1,'2017-01-03','2017-02-21',10.09,1,1,93),(2,'2017-01-01','2017-02-28',20.40,0,0,94),(3,'2017-01-01','2017-02-28',40.00,0,0,95),(4,'2017-01-01','2017-02-28',20.04,0,0,96),(5,'2017-01-01','2017-02-28',20.04,0,0,95),(6,'2017-01-01','2017-02-28',20.06,0,0,98),(7,'2017-01-01','2017-02-01',10.10,0,0,96),(8,'2017-02-01','2017-02-02',14.03,0,0,93),(9,'2017-01-01','2017-02-08',10.02,1,1,94);
/*!40000 ALTER TABLE `water_record` ENABLE KEYS */;
UNLOCK TABLES;
/*!40103 SET TIME_ZONE=@OLD_TIME_ZONE */;

/*!40101 SET SQL_MODE=@OLD_SQL_MODE */;
/*!40014 SET FOREIGN_KEY_CHECKS=@OLD_FOREIGN_KEY_CHECKS */;
/*!40014 SET UNIQUE_CHECKS=@OLD_UNIQUE_CHECKS */;
/*!40101 SET CHARACTER_SET_CLIENT=@OLD_CHARACTER_SET_CLIENT */;
/*!40101 SET CHARACTER_SET_RESULTS=@OLD_CHARACTER_SET_RESULTS */;
/*!40101 SET COLLATION_CONNECTION=@OLD_COLLATION_CONNECTION */;
/*!40111 SET SQL_NOTES=@OLD_SQL_NOTES */;

-- Dump completed on 2017-03-18 14:12:41
